{
  "name": "Relay | REC-001 | Update Gong video recording link in CRM",
  "description": "When there is a trigger event, do action",
  "version": 2,
  "private": true,
  "concurrency": 1,
  "code": {
    "number": 0,
    "provider": "gong",
    "name": "new_call",
    "as": "e7e716db",
    "keyword": "trigger",
    "dynamicPickListSelection": {
    },
    "toggleCfg": {
    },
    "input": {
    },
    "block": [

    ],
    "uuid": "867b0bab-dfb3-413d-a3b0-2a2e6e2defb0"
  },
  "config": [
    {
      "keyword": "application",
      "provider": "gong",
      "skip_validation": false,
      "account_id": null
    }
  ]
}